{
	"name": "combatdetails",
	"title": "Combat Details",
	"description": "Things to make the flow of combat easier",
	"version": "1.0.6",
	"author": "Michael Weisner, Ironmonk88, p4535992",
	"socket": true,
	"languages": [
		{
			"lang": "en",
			"name": "English",
			"path": "lang/en.json"
		}
	],
  "scripts": [
    "./libs/quantize.js"
  ],
	"esmodules": [
		"combatdetails.js"
	],
	"styles": [
    "styles/combatdetails.css",
    "styles/core-changes.css" ],
	"packs": [],
  "manifestPlusVersion": "1.0.0",
  "url": "https://github.com/ironmonk88/combatdetails",
  "readme": "https://raw.githubusercontent.com/ironmonk88/combatdetails/master/README.md",
  "manifest": "https://raw.githubusercontent.com/ironmonk88/combatdetails/master/src/module.json",
  "download": "https://raw.githubusercontent.com/ironmonk88/combatdetails/master/package/token-factions-v1.0.6.zip",
  "minimumCoreVersion": "0.7.9",
  "compatibleCoreVersion": "0.7.9",
  "changelog": "https://raw.githubusercontent.com/ironmonk88/combatdetails/master/changelog.md",
  "bugs": "https://github.com/ironmonk88/combatdetails/issues",
  "allowBugReporter": true,
  "dependencies": [
    {
      "name": "lib-wrapper"
    }
  ]
}
